ID,Project Code,PQ #,PO / SO #,ASN/DN #,Country,Managed By,Fulfill Via,Vendor INCO Term,Shipment Mode,PQ First Sent to Client Date,PO Sent to Vendor Date,Scheduled Delivery Date,Delivered to Client Date,Delivery Recorded Date,Product Group,Sub Classification,Vendor,Item Description,Molecule/Test Type,Brand,Dosage,Dosage Form,Unit of Measure (Per Pack),Line Item Quantity,Line Item Value,Pack Price,Unit Price,Manufacturing Site,First Line Designation,Weight (Kilograms),Freight Cost (USD),Line Item Insurance (USD)
12929,102-KE-T30,FPQ-4587,SCMS-58380,ASN-5901,Kenya,PMO - US,Direct Drop,EXW,Air,2009-11-18,2009-12-02,2010-02-16,2010-02-19,2010-02-19,HRDT,HIV test,"Orgenics, Ltd","HIV 1/2, Determine Complete HIV Kit, 100 Tests","HIV 1/2, Determine Complete HIV Kit",Determine,Unknown,Test kit,100,1,80.0,80.0,0.8,Inverness Japan,Yes,1028.0,10083.69,0.17
12935,108-VN-T30,FPQ-12051,SCMS-188650,ASN-23215,Vietnam,PMO - US,Direct Drop,EXW,Air,2013-05-03,2013-05-15,2014-01-09,2014-01-09,2014-01-09,ARV,Adult,MYLAN LABORATORIES LTD (FORMERLY MATRIX LABORATORIES),"Lamivudine/Zidovudine 150/300mg, tablets, 60 Tabs",Lamivudine/Zidovudine,Generic,150/300mg,Tablet - FDC,60,11092,74871.0,6.75,0.11,Mylan (formerly Matrix) Nashik,Yes,957.0,1869.41,92.62
12959,110-ZM-T30,FPQ-14827,SCMS-256500,ASN-31164,Zambia,PMO - US,Direct Drop,EXW,Air,2014-08-19,2014-09-19,2015-05-12,2015-05-12,2015-05-14,HRDT,HIV test,"Orgenics, Ltd","HIV 1/2, Determine Complete HIV Kit, 100 Tests","HIV 1/2, Determine Complete HIV Kit",Determine,Unknown,Test kit,100,6280,502400.0,80.0,0.8,"Alere Medical Co., Ltd.",Yes,2548.0,28709.52,516.47
12973,106-HT-T30,FPQ-9066,SCMS-138620,ASN-14950,Haiti,PMO - US,Direct Drop,EXW,Air,2012-01-06,2012-02-24,2012-06-12,2012-06-12,2012-06-12,ARV,Pediatric,CIPLA LIMITED,"Lamivudine/Nevirapine/Stavudine 30/50/6mg, dispersible tablets, 60 Tabs",Lamivudine/Nevirapine/Stavudine,Generic,30/50/6mg,Chewable/dispersible tablet - FDC,60,298,685.4,2.3,0.04,"Cipla, Goa, India",Yes,21.0,304.62,0.96
12981,105-SS-T30,FPQ-11754,SCMS-181400,ASN-19428,South Sudan,PMO - US,Direct Drop,EXW,Air,2013-02-22,2013-04-01,2013-08-16,2013-08-16,2013-08-16,HRDT,HIV test,"Orgenics, Ltd","HIV 1/2, Determine Complete HIV Kit, 100 Tests","HIV 1/2, Determine Complete HIV Kit",Determine,Unknown,Test kit,100,90,8010.0,89.0,0.89,"Alere Medical Co., Ltd.",Yes,39.0,1434.98,9.91
13004,111-MZ-T30,FPQ-15276,SCMS-263040,ASN-31553,Mozambique,PMO - US,Direct Drop,FCA,Air,2014-10-28,2014-11-07,2015-04-15,2015-04-15,2015-04-15,ARV,Adult,ABBVIE LOGISTICS (FORMERLY ABBOTT LOGISTICS BV),"Ritonavir 100mg [Norvir], film coated tablets, 60 Tabs",Ritonavir,Norvir,100mg,Tablet,60,400,2740.0,6.85,0.11,ABBVIE Ludwigshafen Germany,Yes,62.0,642.99,3.22
13007,102-BI-T30,FPQ-11670,SCMS-179360,ASN-19161,Burundi,PMO - US,Direct Drop,EXW,Air,2013-02-20,2013-03-14,2013-06-10,2013-06-10,2013-06-10,HRDT,HIV test,"Orgenics, Ltd","HIV 1/2, Determine Complete HIV Kit, 100 Tests","HIV 1/2, Determine Complete HIV Kit",Determine,Unknown,Test kit,100,1468,117440.0,80.0,0.8,"Alere Medical Co., Ltd.",Yes,638.0,12922.07,145.27
13016,102-BI-T30,FPQ-9231,SCMS-141760,ASN-14830,Burundi,PMO - US,Direct Drop,EXW,Air,2012-02-17,2012-04-09,2012-06-01,2012-06-01,2012-06-01,HRDT,HIV test,"CHEMBIO DIAGNOSTIC SYSTEMS, INC.","HIV 1/2, Stat-Pak Dipstick Assay Kit, 30 Tests","HIV 1/2, Stat-Pak Dipstick Assay Kit",Stat-Pak,Unknown,Test kit,30,305,7777.5,25.5,0.85,Chembio Diagnostics Sys. Inc.,Yes,34.0,836.8,10.9
13020,122-HT-T30,FPQ-8671,SCMS-131040,ASN-13448,Haiti,PMO - US,Direct Drop,EXW,Air,2011-11-09,2011-12-29,2012-01-30,2012-01-30,2012-01-30,MRDT,Malaria,Premier Medical Corporation Ltd.,"Malaria Antigen P.f Kit, 30 x 1 Test","Malaria Antigen P.f Kit, 30 x 1 Test",Generic,Unknown,Test kit,30,3,49.5,16.5,0.55,Premier Medical Corporation,Yes,1.0,969.55,0.07
13027,108-VN-T30,FPQ-13524,SCMS-226220,ASN-26923,Vietnam,PMO - US,Direct Drop,EXW,Air,2014-02-06,2014-03-10,2014-07-29,2014-07-29,2014-08-06,ARV,Adult,HETERO LABS LIMITED,"Efavirenz 600mg, tablets, 30 Tabs",Efavirenz,Generic,600mg,Tablet,30,5300,18550.0,3.5,0.12,Hetero Unit III Hyderabad IN,Yes,2922.0,5616.02,19.07
13038,161-ZA-T30,FPQ-7175,SCMS-103410,ASN-12172,South Africa,PMO - US,Direct Drop,DDP,Ocean,2011-03-10,2011-03-24,2011-09-14,2011-10-27,2011-10-27,ARV,Pediatric,Aurobindo Pharma Limited,"Efavirenz 50mg, capsule, 30 Caps",Efavirenz,Generic,50mg,Capsule,30,54768,133633.92,2.44,0.08,"Aurobindo Unit III, India",Yes,3237.0,10923.46,220.5
13093,108-VN-T30,FPQ-12187,SCMS-188540,ASN-21695,Vietnam,PMO - US,Direct Drop,EXW,Air,2013-05-03,2013-05-10,2013-10-11,2013-10-09,2013-10-09,ARV,Adult,MYLAN LABORATORIES LTD (FORMERLY MATRIX LABORATORIES),"Efavirenz/Lamivudine/Tenofovir Disoproxil Fumarate 600/300/300mg, tablets, 30 Tabs",Efavirenz/Lamivudine/Tenofovir Disoproxil Fumarate,Generic,600/300/300mg,Tablet - FDC,30,11500,132135.0,11.49,0.38,Mylan (formerly Matrix) Nashik,Yes,1295.0,2021.05,163.45
13106,108-VN-T30,FPQ-13976,SCMS-236120,ASN-27809,Vietnam,PMO - US,Direct Drop,EXW,Air,2014-04-08,2014-04-30,2014-09-16,2014-09-16,2014-10-01,ARV,Adult,HETERO LABS LIMITED,"Tenofovir Disoproxil Fumarate 300mg, tablets, 30 Tabs",Tenofovir Disoproxil Fumarate,Generic,300mg,Tablet,30,16000,56800.0,3.55,0.12,Hetero Unit III Hyderabad IN,Yes,1948.0,3138.25,58.39
13138,133-NG-T30,FPQ-10765,SCMS-162440,ASN-17530,Nigeria,PMO - US,Direct Drop,EXW,Air,2012-10-05,2012-10-16,2013-01-09,2013-01-10,2013-01-10,HRDT,HIV test,"Orgenics, Ltd","HIV 1/2, Determine Complete HIV Kit, 100 Tests","HIV 1/2, Determine Complete HIV Kit",Determine,Unknown,Test kit,100,2744,244216.0,89.0,0.89,"Alere Medical Co., Ltd.",Yes,1186.0,25193.28,342.39
13161,161-ZA-T30,FPQ-5303,SCMS-68910,ASN-7440,South Africa,PMO - US,Direct Drop,DDP,Air,2010-03-18,2010-03-19,2010-08-24,2010-08-24,2010-08-24,ARV,Adult,Aurobindo Pharma Limited,"Efavirenz 600mg, tablets, 30 Tabs",Efavirenz,Generic,600mg,Tablet,30,56877,265615.59,4.67,0.16,"Aurobindo Unit III, India",Yes,4815.0,5886.9,572.67
13205,104-CI-T30,FPQ-3885,SCMS-48630,ASN-4783,Côte d'Ivoire,PMO - US,Direct Drop,EXW,Air,2009-06-19,2009-07-09,2009-09-15,2009-09-15,2009-09-15,HRDT,HIV test,"Orgenics, Ltd","HIV 1/2, Determine HIV Kit, without Lancets, 100 Tests","HIV 1/2, Determine HIV Kit, without Lancets",Determine,Unknown,Test kit,100,3500,245000.0,70.0,0.7,Inverness Japan,Yes,893.0,12858.12,480.2
13275,108-VN-T30,FPQ-15692,SCMS-274370,ASN-32259,Vietnam,PMO - US,Direct Drop,EXW,Air,2015-01-28,2015-02-17,2015-07-13,2015-07-13,2015-07-14,ARV,Adult,HETERO LABS LIMITED,"Efavirenz/Lamivudine/Tenofovir Disoproxil Fumarate 600/300/300mg, tablets, 30 Tabs",Efavirenz/Lamivudine/Tenofovir Disoproxil Fumarate,Generic,600/300/300mg,Tablet - FDC,30,17760,177600.0,10.0,0.33,Hetero Unit III Hyderabad IN,Yes,2516.0,3816.3,209.04
13277,108-VN-T30,FPQ-4098,SCMS-51780,ASN-5008,Vietnam,PMO - US,Direct Drop,EXW,Air,2009-08-12,2009-08-14,2009-10-26,2009-10-26,2009-10-26,ARV,Adult,MYLAN LABORATORIES LTD (FORMERLY MATRIX LABORATORIES),"Tenofovir Disoproxil Fumarate 300mg, tablets, 30 Tabs",Tenofovir Disoproxil Fumarate,Generic,300mg,Tablet,30,1680,13860.0,8.25,0.28,Mylan (formerly Matrix) Nashik,Yes,110.0,791.43,27.17
13302,107-RW-T30,FPQ-6185,SCMS-84420,ASN-8578,Rwanda,PMO - US,Direct Drop,CIP,Air,2010-09-03,2010-09-29,2010-11-02,2010-11-02,2010-11-02,ARV,Adult,MYLAN LABORATORIES LTD (FORMERLY MATRIX LABORATORIES),"Lamivudine/Tenofovir Disoproxil Fumarate 300/300mg, tablets, 30 Tabs",Lamivudine/Tenofovir Disoproxil Fumarate,Generic,300/300mg,Tablet - FDC,30,138422,1211192.5,8.75,0.29,Mylan (formerly Matrix) Nashik,Yes,13147.0,4781.8,2611.33
13311,104-CI-T30,FPQ-8929,SCMS-131880,ASN-14110,Côte d'Ivoire,PMO - US,Direct Drop,EXW,Air,2011-12-08,2012-01-17,2012-03-29,2012-03-29,2012-03-29,HRDT,HIV test,"Orgenics, Ltd","HIV 1/2, Determine Complete HIV Kit, 100 Tests","HIV 1/2, Determine Complete HIV Kit",Determine,Unknown,Test kit,100,2000,160000.0,80.0,0.8,"Alere Medical Co., Ltd.",Yes,957.0,18919.56,224.32
13379,103-MW-T30,FPQ-10790,SCMS-163880,ASN-17939,Malawi,PMO - US,Direct Drop,EXW,Ocean,2012-10-17,2012-10-31,2013-06-21,2013-06-21,2013-06-21,ARV,Adult,MYLAN LABORATORIES LTD (FORMERLY MATRIX LABORATORIES),"Efavirenz/Lamivudine/Tenofovir Disoproxil Fumarate 600/300/300mg, tablets, 30 Tabs",Efavirenz/Lamivudine/Tenofovir Disoproxil Fumarate,Generic,600/300/300mg,Tablet - FDC,30,243800,2801262.0,11.49,0.38,Mylan (formerly Matrix) Nashik,Yes,27549.0,24875.46,3465.16
13487,106-HT-T30,FPQ-14895,SCMS-261510,ASN-30067,Haiti,PMO - US,Direct Drop,EXW,Ocean,2014-09-24,2014-11-14,2015-03-13,2015-03-13,2015-03-18,ARV,Adult,MYLAN LABORATORIES LTD (FORMERLY MATRIX LABORATORIES),"Efavirenz/Lamivudine/Tenofovir Disoproxil Fumarate 600/300/300mg, tablets, 30 Tabs",Efavirenz/Lamivudine/Tenofovir Disoproxil Fumarate,Generic,600/300/300mg,Tablet - FDC,30,25000,256000.0,10.24,0.34,Mylan (formerly Matrix) Nashik,Yes,3034.0,7658.27,263.17
13544,104-CI-T30,FPQ-14372,SCMS-246550,ASN-29074,Côte d'Ivoire,PMO - US,Direct Drop,FCA,Air,2014-06-03,2014-07-31,2014-11-03,2014-11-03,2014-11-07,ARV,Pediatric,ABBVIE LOGISTICS (FORMERLY ABBOTT LOGISTICS BV),"Lopinavir/Ritonavir 80/20mg/ml [Kaletra], oral solution, cool, Bottle 5 x 60 ml",Lopinavir/Ritonavir,Kaletra,80/20mg/ml,Oral solution,300,500,15410.0,30.82,0.1,ABBVIE (Abbott) Logis. UK,Yes,505.0,6523.85,15.84
13547,101-CD-T30,FPQ-14654,SCMS-253260,ASN-28279,"Congo, DRC",PMO - US,Direct Drop,EXW,Air,2014-08-11,2014-08-27,2014-11-04,2014-11-04,2014-11-20,HRDT,HIV test,"Trinity Biotech, Plc","HIV 1/2, Uni-Gold HIV Kit, 20 Tests","HIV 1/2, Uni-Gold HIV Kit",Uni-Gold,Unknown,Test kit,20,77,2464.0,32.0,1.6,"Trinity Biotech, Plc",Yes,509.0,8021.11,2.53
13555,108-VN-T30,FPQ-14516,SCMS-249040,ASN-29768,Vietnam,PMO - US,Direct Drop,EXW,Air,2014-07-09,2014-08-08,2015-02-05,2015-02-05,2015-02-05,ARV,Adult,MYLAN LABORATORIES LTD (FORMERLY MATRIX LABORATORIES),"Lamivudine/Nevirapine/Zidovudine 150/200/300mg, tablets, 60 Tabs",Lamivudine/Nevirapine/Zidovudine,Generic,150/300/200mg,Tablet - FDC,60,13000,105300.0,8.1,0.13,Mylan (formerly Matrix) Nashik,Yes,2672.0,2504.64,108.25
13571,105-SS-T30,FPQ-14470,SCMS-245240,ASN-29503,South Sudan,PMO - US,Direct Drop,EXW,Air,2014-06-17,2014-07-01,2015-01-09,2015-01-09,2015-01-19,HRDT,HIV test,"Trinity Biotech, Plc","HIV 1/2, Uni-Gold HIV Kit, 20 Tests","HIV 1/2, Uni-Gold HIV Kit",Uni-Gold,Unknown,Test kit,20,18,576.0,32.0,1.6,"Trinity Biotech, Plc",Yes,177.0,1692.35,0.59
13581,102-SZ-T30,FPQ-7936,SCMS-113480,ASN-11824,Swaziland,PMO - US,Direct Drop,EXW,Air,2011-06-21,2011-07-13,2011-09-28,2011-09-28,2011-09-28,HRDT,HIV test,"Orgenics, Ltd","HIV 1/2, Determine Complete HIV Kit, 100 Tests","HIV 1/2, Determine Complete HIV Kit",Determine,Unknown,Test kit,100,377,30160.0,80.0,0.8,Inverness Japan,Yes,172.0,4504.46,49.76
13608,114-UG-T30,FPQ-9365,SCMS-143480,ASN-14973,Uganda,PMO - US,Direct Drop,DDP,Air,2012-03-15,2012-04-17,2012-05-21,2012-05-21,2012-05-21,ARV,Adult,ASPEN PHARMACARE,"Etravirine 100mg [Intelence], tablets, 120 Tabs",Etravirine,Intelence,100mg,Tablet,120,121,9075.0,75.0,0.62,"Janssen-Cilag, Latina, IT",Yes,43.0,199.0,12.72
13652,108-VN-T30,FPQ-3896,SCMS-48290,ASN-4872,Vietnam,PMO - US,Direct Drop,EXW,Air,2009-06-25,2009-06-29,2009-09-30,2009-09-30,2009-09-30,ARV,Adult,MYLAN LABORATORIES LTD (FORMERLY MATRIX LABORATORIES),"Efavirenz 600mg, tablets, 30 Tabs",Efavirenz,Generic,600mg,Tablet,30,21504,139776.0,6.5,0.22,Mylan (formerly Matrix) Nashik,Yes,1849.0,4191.83,273.96
13696,105-DO-T30,FPQ-7858,SCMS-117380,ASN-12145,Dominican Republic,PMO - US,Direct Drop,EXW,Air,2011-06-21,2011-08-03,2011-09-27,2011-09-27,2011-09-27,HRDT,HIV test - Ancillary,"Standard Diagnostics, Inc.","HIV 1/2, Bioline 3.0 Diluent, 25 Tests, Bottle x 5 ml","HIV 1/2, Bioline 3.0 Diluent, 25 Tests",Bioline,Unknown,Test kit - Ancillary,1,448,403.2,0.9,0.9,"Standard Diagnostics, Korea",Yes,71.0,844.36,0.67
13700,111-MZ-T30,FPQ-13395,SCMS-219220,ASN-25451,Mozambique,PMO - US,Direct Drop,EXW,Air,2013-12-11,2013-12-17,2014-05-02,2014-05-02,2014-05-07,ARV,Adult,HETERO LABS LIMITED,"Lamivudine/Nevirapine/Zidovudine 150/200/300mg, tablets, 60 Tabs",Lamivudine/Nevirapine/Zidovudine,Generic,150/300/200mg,Tablet - FDC,60,35136,284952.96,8.11,0.14,Hetero Unit III Hyderabad IN,Yes,4784.0,19286.53,292.93
13708,101-CD-T30,FPQ-13548,SCMS-224840,ASN-24721,"Congo, DRC",PMO - US,Direct Drop,EXW,Air,2014-01-22,2014-01-28,2014-04-04,2014-04-04,2014-04-28,HRDT,HIV test,"Trinity Biotech, Plc","HIV 1/2, Uni-Gold HIV Kit, 20 Tests","HIV 1/2, Uni-Gold HIV Kit",Uni-Gold,Unknown,Test kit,20,32,1024.0,32.0,1.6,"Trinity Biotech, Plc",Yes,54.0,2734.02,1.05
13739,106-HT-T30,FPQ-11443,SCMS-180940,ASN-19819,Haiti,PMO - US,Direct Drop,EXW,Ocean,2013-02-07,2013-03-22,2013-09-02,2013-09-02,2013-09-02,ARV,Pediatric,Aurobindo Pharma Limited,"Zidovudine 10mg/ml, oral solution w/syringe, Bottle, 240 ml",Zidovudine,Generic,10mg/ml,Oral solution,240,1832,3847.2,2.1,0.01,"Aurobindo Unit III, India",Yes,3504.0,7117.39,4.76
13748,104-CI-T30,FPQ-3885,SCMS-48620,ASN-4720,Côte d'Ivoire,PMO - US,Direct Drop,EXW,Air,2009-06-19,2009-07-07,2009-09-11,2009-09-11,2009-09-11,HRDT,HIV test,"CHEMBIO DIAGNOSTIC SYSTEMS, INC.","HIV 1/2, Stat-Pak HIV, Kit, 20 Tests","HIV 1/2, Stat-Pak HIV, Kit",Stat-Pak,Unknown,Test kit,20,350,9450.0,27.0,1.35,Chembio Diagnostics Sys. Inc.,Yes,205.0,1437.4,18.52
13761,108-VN-T30,FPQ-9576,SCMS-145320,ASN-16055,Vietnam,PMO - US,Direct Drop,FCA,Air,2012-04-11,2012-06-15,2012-10-03,2012-10-03,2012-10-03,ARV,Adult,ABBVIE LOGISTICS (FORMERLY ABBOTT LOGISTICS BV),"Ritonavir 100mg [Norvir], film coated tablets, 30 Tabs",Ritonavir,Norvir,100mg,Tablet,30,174,4047.24,23.26,0.78,ABBVIE Ludwigshafen Germany,Yes,21.0,583.66,5.67
13817,113-ZW-T30,FPQ-13939,SCMS-234720,ASN-26119,Zimbabwe,PMO - US,Direct Drop,EXW,Air,2014-04-01,2014-05-08,2014-06-14,2014-06-14,2014-06-16,ARV,Adult,Aurobindo Pharma Limited,"Lamivudine/Tenofovir Disoproxil Fumarate 300/300mg, tablets, 30 Tabs",Lamivudine/Tenofovir Disoproxil Fumarate,Generic,300/300mg,Tablet - FDC,30,32670,151915.5,4.65,0.16,"Aurobindo Unit VII, IN",Yes,3076.0,25730.13,156.17
13841,107-RW-T30,FPQ-4011,SCMS-50290,ASN-6267,Rwanda,PMO - US,Direct Drop,CIP,Air,2009-07-16,2009-08-31,2010-04-16,2010-04-16,2010-04-16,ARV,Adult,MYLAN LABORATORIES LTD (FORMERLY MATRIX LABORATORIES),"Lamivudine/Tenofovir Disoproxil Fumarate 300/300mg, tablets, 30 Tabs",Lamivudine/Tenofovir Disoproxil Fumarate,Generic,300/300mg,Tablet - FDC,30,62209,681188.55,10.95,0.36,Mylan (formerly Matrix) Nashik,Yes,5795.0,63600.4,1335.13
13842,101-CD-T30,FPQ-14255,SCMS-239810,ASN-27324,"Congo, DRC",PMO - US,Direct Drop,EXW,Air,2014-05-15,2014-05-19,2014-09-30,2014-09-30,2014-10-21,ARV,Pediatric,Aurobindo Pharma Limited,"Nevirapine 50mg, dispersible tablets (tablets for oral suspension), 30 Tabs",Nevirapine,Generic,50mg,Chewable/dispersible tablet,30,940,1175.0,1.25,0.04,"Aurobindo Unit III, India",Yes,132.0,2516.57,1.21
13862,102-BI-T30,FPQ-15186,SCMS-260800,ASN-30384,Burundi,PMO - US,Direct Drop,EXW,Air,2014-10-17,2014-11-12,2015-02-18,2015-02-18,2015-02-18,HRDT,HIV test,"CHEMBIO DIAGNOSTIC SYSTEMS, INC.","HIV 1/2, Stat-Pak Dipstick Assay Kit, 30 Tests","HIV 1/2, Stat-Pak Dipstick Assay Kit",Stat-Pak,Unknown,Test kit,30,595,16422.0,27.6,0.92,Chembio Diagnostics Sys. Inc.,Yes,63.0,865.67,19.33
13874,106-HT-T30,FPQ-11443,SCMS-180960,ASN-20434,Haiti,PMO - US,Direct Drop,EXW,Air,2013-02-07,2013-03-22,2013-08-14,2013-08-14,2013-08-14,ARV,Adult,MICRO LABS LIMITED,"Efavirenz 600mg, tablets, 30 Tabs",Efavirenz,Generic,600mg,Tablet,30,14448,46667.04,3.23,0.11,"Micro labs, Verna, Goa, India",Yes,2284.0,13257.25,57.73
13886,114-UG-T30,FPQ-12290,SCMS-192080,ASN-22594,Uganda,PMO - US,Direct Drop,CIP,Air,2013-05-17,2013-07-03,2013-11-20,2013-11-20,2013-11-21,ARV,Adult,ASPEN PHARMACARE,"Etravirine 100mg [Intelence], tablets, 120 Tabs",Etravirine,Intelence,100mg,Tablet,120,108,3888.0,36.0,0.3,"Janssen-Cilag, Latina, IT",Yes,22.0,265.0,4.81
13897,102-KE-T30,FPQ-8446,SCMS-124900,ASN-13149,Kenya,PMO - US,Direct Drop,EXW,Air,2011-10-05,2011-10-26,2012-01-17,2012-01-17,2012-01-17,HRDT,HIV test,"Orgenics, Ltd","HIV 1/2, Determine Complete HIV Kit, 100 Tests","HIV 1/2, Determine Complete HIV Kit",Determine,Unknown,Test kit,100,8298,738522.0,89.0,0.89,"Alere Medical Co., Ltd.",Yes,1427.0,16090.59,1218.56
13903,109-TZ-T30,FPQ-12588,SCMS-200851,ASN-24301,Tanzania,PMO - US,Direct Drop,EXW,Air,2013-07-15,2013-10-08,2014-03-22,2014-03-22,2014-03-22,ARV,Pediatric,Aurobindo Pharma Limited,"Efavirenz 50mg, capsule, 30 Caps",Efavirenz,Generic,50mg,Capsule,30,5925,9243.0,1.56,0.05,"Aurobindo Unit III, India",Yes,394.0,3245.39,11.43
13904,108-VN-T30,FPQ-13976,SCMS-236050,ASN-27943,Vietnam,PMO - US,Direct Drop,EXW,Air,2014-04-08,2014-04-30,2014-10-30,2014-10-30,2014-11-04,ARV,Adult,MYLAN LABORATORIES LTD (FORMERLY MATRIX LABORATORIES),"Lamivudine/Zidovudine 150/300mg, tablets, 60 Tabs",Lamivudine/Zidovudine,Generic,150/300mg,Tablet - FDC,60,9800,63602.0,6.49,0.11,Mylan (formerly Matrix) Nashik,Yes,2235.0,3708.72,65.38
13915,800-CM-T30,FPQ-12570,SCMS-200891,ASN-25755,Cameroon,PMO - US,Direct Drop,EXW,Air,2013-07-10,2013-08-06,2014-05-15,2014-05-15,2014-05-15,HRDT,HIV test,Orasure Technologies Inc.,"HIV 1/2, OraQuick Rapid Antibody Kit, 100 Tests","HIV 1/2, OraQuick Rapid Antibody Kit",OraQuick,Unknown,Test kit,100,1000,350000.0,350.0,3.5,"Orasure Technologies, Inc",Yes,2090.0,51331.09,432.95
13926,161-ZA-T30,FPQ-5303,SCMS-68750,ASN-8885,South Africa,PMO - US,Direct Drop,DDP,Air,2010-03-18,2010-03-19,2010-10-13,2011-01-25,2011-01-25,ARV,Adult,CIPLA LIMITED,"Tenofovir Disoproxil Fumarate 300mg, tablets, 30 Tabs",Tenofovir Disoproxil Fumarate,Generic,300mg,Tablet,30,19992,156337.44,7.82,0.26,"Cipla, Goa, India",Yes,1378.0,3646.1,337.06
13959,110-ZM-T30,FPQ-14291,SCMS-242720,ASN-28530,Zambia,PMO - US,Direct Drop,EXW,Air,2014-05-21,2014-06-04,2014-12-01,2014-12-01,2014-12-10,ARV,Pediatric,MYLAN LABORATORIES LTD (FORMERLY MATRIX LABORATORIES),"Lamivudine/Zidovudine 30/60mg, dispersible tablets, 60 Tabs",Lamivudine/Zidovudine,Generic,30/60mg,Chewable/dispersible tablet - FDC,60,10000,19900.0,1.99,0.03,"Mylan,  H-12 & H-13, India",Yes,849.0,4316.34,20.46
13968,105-SS-T30,FPQ-12623,SCMS-200920,ASN-21751,South Sudan,PMO - US,Direct Drop,EXW,Air,2013-07-18,2013-08-06,2013-10-18,2013-10-18,2013-10-18,HRDT,HIV test,"Trinity Biotech, Plc","HIV 1/2, Uni-Gold HIV Kit, 20 Tests","HIV 1/2, Uni-Gold HIV Kit",Uni-Gold,Unknown,Test kit,20,35,1120.0,32.0,1.6,"Trinity Biotech, Plc",Yes,176.0,4124.74,1.39
13978,108-VN-T30,FPQ-11418,SCMS-176300,ASN-19787,Vietnam,PMO - US,Direct Drop,EXW,Air,2013-01-29,2013-02-06,2013-07-01,2013-07-01,2013-07-01,ARV,Adult,HETERO LABS LIMITED,"Lamivudine/Zidovudine 150/300mg, tablets, 60 Tabs",Lamivudine/Zidovudine,Generic,150/300mg,Tablet - FDC,60,9095,62300.75,6.85,0.11,Hetero Unit III Hyderabad IN,Yes,1736.0,8163.83,77.07
13988,106-HT-T30,FPQ-12041,SCMS-189220,ASN-20209,Haiti,PMO - US,Direct Drop,EXW,Air,2013-04-26,2013-05-21,2013-07-09,2013-07-09,2013-07-09,HRDT,HIV test,"SHANGHAI KEHUA BIOENGINEERING CO.,LTD.  (KHB)","HIV 1/2, SKB Colloidal Gold, Diagnostic Kit, Antibody, 50 Tests","HIV 1/2, Colloidal Gold, Diagnostic Kit, Antibody",Colloidal Gold,Unknown,Test kit,1,300,7350.0,24.5,24.5,"KHB Test Kit Facility, Shanghai China",Yes,182.0,2581.83,9.09
14016,108-VN-T30,FPQ-13976,SCMS-236070,ASN-28062,Vietnam,PMO - US,Direct Drop,EXW,Air,2014-04-08,2014-04-30,2014-11-07,2014-11-07,2014-11-08,ARV,Adult,MICRO LABS LIMITED,"Nevirapine 200mg, tablets, 60 Tabs",Nevirapine,Generic,200mg,Tablet,60,7600,15808.0,2.08,0.03,"Micro labs, Verna, Goa, India",Yes,1292.0,2800.95,16.25
14018,106-HT-T30,FPQ-14895,SCMS-261060,ASN-30093,Haiti,PMO - US,Direct Drop,EXW,Air,2014-09-24,2014-11-14,2015-02-12,2015-02-12,2015-02-13,ARV,Adult,HETERO LABS LIMITED,"Lamivudine/Zidovudine 150/300mg, tablets, 60 Tabs",Lamivudine/Zidovudine,Generic,150/300mg,Tablet - FDC,60,50544,334095.84,6.61,0.11,"Hetero, Jadcherla, unit 5, IN",Yes,4669.0,34778.32,343.45
14043,108-VN-T30,FPQ-5019,SCMS-64580,ASN-6269,Vietnam,PMO - US,Direct Drop,EXW,Air,2010-02-02,2010-02-03,2010-03-30,2010-03-30,2010-03-30,ARV,Adult,Aurobindo Pharma Limited,"Tenofovir Disoproxil Fumarate 300mg, tablets, 30 Tabs",Tenofovir Disoproxil Fumarate,Generic,300mg,Tablet,30,3528,27342.0,7.75,0.26,"Aurobindo Unit III, India",Yes,395.0,3538.57,58.95
14079,109-TZ-T30,FPQ-12197,SCMS-189360,ASN-21229,Tanzania,PMO - US,Direct Drop,EXW,Air,2013-04-30,2013-05-29,2013-09-17,2013-09-17,2013-09-17,HRDT,HIV test,"Standard Diagnostics, Inc.","HIV 1/2, Determine Complete HIV Kit, 100 Tests","HIV 1/2, Determine Complete HIV Kit",Determine,Unknown,Test kit,100,2915,0.0,0.0,0.0,"Alere Medical Co., Ltd.",Yes,1208.0,20583.37,0.0
14097,102-BI-T30,FPQ-14594,SCMS-250110,ASN-28194,Burundi,PMO - US,Direct Drop,EXW,Air,2014-07-17,2014-08-06,2014-10-06,2014-10-06,2014-10-06,HRDT,HIV test,"Orgenics, Ltd","HIV 1/2, Determine Complete HIV Kit, 100 Tests","HIV 1/2, Determine Complete HIV Kit",Determine,Unknown,Test kit,100,3484,278720.0,80.0,0.8,"Alere Medical Co., Ltd.",Yes,1415.0,33228.68,286.52
14178,109-TZ-T30,FPQ-7909,SCMS-114990,ASN-12248,Tanzania,PMO - US,Direct Drop,EXW,Air,2011-06-24,2011-07-18,2011-09-29,2011-10-29,2011-10-29,HRDT,HIV test,"Standard Diagnostics, Inc.","HIV 1/2, Bioline 3.0 Kit, Lancets, Capillary pipets, Alcohol swabs included, 25 Tests","HIV 1/2, Bioline 3.0 Kit, Lancets, Capillary pipets, Alcohol swabs included",Bioline,Unknown,Test kit,25,10000,200000.0,20.0,0.8,"Standard Diagnostics, Korea",Yes,3334.0,21952.35,330.0
14180,110-ZM-T30,FPQ-14081,SCMS-238950,ASN-26391,Zambia,PMO - US,Direct Drop,EXW,Air,2014-04-15,2014-05-16,2014-07-28,2014-07-28,2014-08-15,HRDT,HIV test,"Trinity Biotech, Plc","HIV 1/2, Uni-Gold HIV Kit, 20 Tests","HIV 1/2, Uni-Gold HIV Kit",Uni-Gold,Unknown,Test kit,20,9500,304000.0,32.0,1.6,"Trinity Biotech, Plc",Yes,2783.0,20621.1,312.51
14195,100-BJ-T30,FPQ-7660,SCMS-109830,ASN-11115,Benin,PMO - US,Direct Drop,EXW,Air,2011-05-16,2011-05-27,2011-07-12,2011-07-12,2011-07-12,ARV,Adult,MYLAN LABORATORIES LTD (FORMERLY MATRIX LABORATORIES),"Efavirenz/Lamivudine/Tenofovir Disoproxil Fumarate 600/300/300mg, tablets, 30 Tabs",Efavirenz/Lamivudine/Tenofovir Disoproxil Fumarate,Generic,600/300/300mg,Tablet - FDC,30,1244,17540.4,14.1,0.47,Mylan (formerly Matrix) Nashik,Yes,175.0,5864.56,28.94
14210,104-CI-T30,FPQ-8302,SCMS-123870,ASN-12934,Côte d'Ivoire,PMO - US,Direct Drop,EXW,Air,2011-08-29,2011-09-30,2011-12-01,2011-12-01,2011-12-01,ARV,Adult,MYLAN LABORATORIES LTD (FORMERLY MATRIX LABORATORIES),"Abacavir/Lamivudine/Zidovudine 300/150/300mg, tablets, 60 Tabs",Abacavir/Lamivudine/Zidovudine,Generic,300/150/300mg,Tablet - FDC,60,4000,112000.0,28.0,0.47,Mylan (formerly Matrix) Nashik,Yes,655.0,5300.24,184.8
14230,107-RW-T30,FPQ-11585,SCMS-176980,ASN-18319,Rwanda,PMO - US,Direct Drop,FCA,Air,2013-02-03,2013-02-06,2013-05-17,2013-05-17,2013-05-17,ARV,Pediatric,ABBVIE LOGISTICS (FORMERLY ABBOTT LOGISTICS BV),"Lopinavir/Ritonavir 80/20mg/ml [Kaletra], oral solution, cool, Bottle 5 x 60 ml",Lopinavir/Ritonavir,Kaletra,80/20mg/ml,Oral solution,300,400,12328.0,30.82,0.1,ABBVIE (Abbott) Logis. UK,Yes,454.0,7152.99,15.25
14241,111-MZ-T30,FPQ-13134,SCMS-215600,ASN-24703,Mozambique,PMO - US,Direct Drop,EXW,Air,2013-11-12,2013-11-26,2014-04-09,2014-04-09,2014-07-08,ARV,Adult,Aurobindo Pharma Limited,"Didanosine 250mg, delayed-release capsules, 30 Caps",Didanosine,Generic,250mg,Delayed-release capsules,30,800,6064.0,7.58,0.25,"Aurobindo Unit III, India",Yes,77.0,979.14,6.23
14252,114-UG-T30,FPQ-13116,SCMS-212350,ASN-24417,Uganda,PMO - US,Direct Drop,EXW,Air,2013-10-23,2013-10-30,2014-03-21,2014-03-21,2014-03-21,ARV,Pediatric,CIPLA LIMITED,"Lamivudine/Zidovudine 30/60mg, dispersible tablets, 60 Tabs",Lamivudine/Zidovudine,Generic,30/60mg,Chewable/dispersible tablet - FDC,60,7445,16676.8,2.24,0.04,"Cipla, Goa, India",Yes,574.0,3868.24,17.14
14265,108-VN-T30,FPQ-11418,SCMS-176190,ASN-19193,Vietnam,PMO - US,Direct Drop,EXW,Air,2013-01-29,2013-02-05,2013-05-24,2013-05-24,2013-05-24,ARV,Pediatric,Aurobindo Pharma Limited,"Nevirapine 10mg/ml, oral suspension w/syringe, Bottle, 240 ml",Nevirapine,Generic,10mg/ml,Oral suspension,240,263,486.55,1.85,0.01,"Aurobindo Unit III, India",Yes,182.0,5970.85,0.6
14278,117-ET-T30,FPQ-4851,SCMS-62830,ASN-6210,Ethiopia,PMO - US,Direct Drop,EXW,Air,2010-01-05,2010-01-13,2010-03-04,2010-03-04,2010-03-04,ARV,Adult,Aurobindo Pharma Limited,"Lamivudine 150mg, tablets, 60 Tabs",Lamivudine,Generic,150mg,Tablet,60,56000,133280.0,2.38,0.04,"Aurobindo Unit III, India",Yes,2996.0,10612.93,287.35
14279,900-TZ-T30,FPQ-10394,SCMS-156530,ASN-16470,Tanzania,PMO - US,Direct Drop,EXW,Air,2012-07-26,2012-08-09,2012-11-01,2012-11-01,2012-11-01,ARV,Adult,HETERO LABS LIMITED,"Efavirenz 600mg, tablets, 30 Tabs",Efavirenz,Generic,600mg,Tablet,30,100986,343352.4,3.4,0.11,Hetero Unit III Hyderabad IN,Yes,10579.0,41585.93,481.38
14286,104-CI-T30,FPQ-12134,SCMS-190721,ASN-22462,Côte d'Ivoire,PMO - US,Direct Drop,EXW,Air,2013-04-23,2013-05-21,2013-11-27,2013-11-27,2013-12-02,HRDT,HIV test,"CHEMBIO DIAGNOSTIC SYSTEMS, INC.","HIV 1/2, Stat-Pak HIV, Kit, 20 Tests","HIV 1/2, Stat-Pak HIV, Kit",Stat-Pak,Unknown,Test kit,20,1900,55100.0,29.0,1.45,Chembio Diagnostics Sys. Inc.,Yes,550.0,8263.16,68.16
14291,109-TZ-T30,FPQ-13945,SCMS-235410,ASN-26077,Tanzania,PMO - US,Direct Drop,EXW,Air,2014-03-27,2014-04-29,2014-07-15,2014-07-15,2014-08-12,HRDT,HIV test,"Orgenics, Ltd","HIV 1/2, Determine Complete HIV Kit, 100 Tests","HIV 1/2, Determine Complete HIV Kit",Determine,Unknown,Test kit,100,100,8000.0,80.0,0.8,"Alere Medical Co., Ltd.",Yes,39.0,1176.54,8.22
14309,108-VN-T30,FPQ-10286,SCMS-155700,ASN-17018,Vietnam,PMO - US,Direct Drop,FCA,Air,2012-07-25,2012-08-14,2013-01-15,2013-01-15,2013-01-15,ARV,Adult,ABBVIE LOGISTICS (FORMERLY ABBOTT LOGISTICS BV),"Lopinavir/Ritonavir 200/50mg [Aluvia], tablets, 120 Tabs",Lopinavir/Ritonavir,Aluvia,200/50mg,Tablet,120,3812,231845.84,60.82,0.51,ABBVIE Ludwigshafen Germany,Yes,824.0,3216.15,325.05
14331,108-VN-T30,FPQ-3896,SCMS-48280,ASN-4871,Vietnam,PMO - US,Direct Drop,EXW,Air,2009-06-25,2009-06-29,2009-09-28,2009-09-28,2009-09-28,ARV,Adult,MYLAN LABORATORIES LTD (FORMERLY MATRIX LABORATORIES),"Efavirenz 600mg, tablets, 30 Tabs",Efavirenz,Generic,600mg,Tablet,30,3528,22932.0,6.5,0.22,Mylan (formerly Matrix) Nashik,Yes,383.0,1162.52,44.95
14348,133-NG-T30,FPQ-7553,SCMS-108720,ASN-11270,Nigeria,PMO - US,Direct Drop,EXW,Air,2011-04-28,2011-05-23,2011-07-27,2011-07-27,2011-07-27,HRDT,HIV test,"Orgenics, Ltd","HIV 1/2, Determine Complete HIV Kit, 100 Tests","HIV 1/2, Determine Complete HIV Kit",Determine,Unknown,Test kit,100,2044,181916.0,89.0,0.89,Inverness Japan,Yes,976.0,26014.88,300.16
14384,109-TZ-T30,FPQ-13048,SCMS-210920,ASN-24302,Tanzania,PMO - US,Direct Drop,EXW,Air,2013-10-03,2013-10-28,2014-03-22,2014-03-22,2014-03-22,ARV,Pediatric,Aurobindo Pharma Limited,"Efavirenz 50mg, capsule, 30 Caps",Efavirenz,Generic,50mg,Capsule,30,20867,32552.52,1.56,0.05,"Aurobindo Unit III, India",Yes,1337.0,8403.67,40.27
14404,161-ZA-T30,FPQ-7175,SCMS-103970,ASN-11255,South Africa,PMO - US,Direct Drop,DDP,Ocean,2011-03-10,2011-03-28,2011-09-02,2011-09-02,2011-09-02,ARV,Adult,STRIDES ARCOLAB LIMITED,"Nevirapine 200mg, tablets, 60 Tabs",Nevirapine,Generic,200mg,Tablet,60,150000,430500.0,2.87,0.05,"Strides, Bangalore, India.",Yes,9306.0,10511.33,710.32
14409,161-ZA-T30,FPQ-6262,SCMS-84200,ASN-9693,South Africa,PMO - US,Direct Drop,DDP,Ocean,2010-08-31,2010-09-21,2011-03-14,2011-03-14,2011-03-14,ARV,Adult,CIPLA LIMITED,"Nevirapine 200mg, tablets, 60 Tabs",Nevirapine,Generic,200mg,Tablet,60,159000,443610.0,2.79,0.05,"Cipla, Goa, India",Yes,16729.0,25199.31,956.42
14410,112-NG-T30,FPQ-6124,SCMS-93420,ASN-9751,Nigeria,PMO - US,Direct Drop,EXW,Air,2010-07-29,2010-12-07,2011-02-28,2011-02-28,2011-02-28,ACT,ACT,NOVARTIS PHARMA SERVICES AG,"Artemether/Lumefantrine 20/120mg [Coartem], scored tablets, Blister 30 x 24 Tabs",Artemether/Lumefantrine,Coartem,20/120mg,Tablet - FDC + blister,720,1245,48555.0,39.0,0.05,"Novartis Pharma Suffern, USA",Yes,859.0,5810.56,104.68
14431,107-RW-T30,FPQ-8399,SCMS-126230,ASN-15270,Rwanda,PMO - US,Direct Drop,FCA,Air,2011-10-19,2011-11-02,2012-07-05,2012-07-05,2012-07-05,ARV,Adult,Hoffmann-La Roche ltd Basel,"Nelfinavir (as mesilate) 250mg [Viracept], tablets, 270 Tabs",Nelfinavir (as mesilate),Viracept,250mg,Tablet,270,109,17410.04,159.73,0.59,Roche Madrid,Yes,27.0,2205.25,28.73
14447,116-ZA-T30,FPQ-7176,SCMS-104380,ASN-11802,South Africa,PMO - US,Direct Drop,DDP,Ocean,2011-03-10,2011-04-01,2011-11-03,2011-10-10,2011-10-10,ARV,Adult,Aurobindo Pharma Limited,"Efavirenz 600mg, tablets, 30 Tabs",Efavirenz,Generic,600mg,Tablet,30,5745,25909.95,4.51,0.15,"Aurobindo Unit III, India",Yes,488.0,4232.71,42.75
14508,113-ZW-T30,FPQ-7521,SCMS-108030,ASN-11413,Zimbabwe,PMO - US,Direct Drop,EXW,Air,2011-04-07,2011-05-05,2011-09-08,2011-09-08,2011-09-08,HRDT,HIV test,"Orgenics, Ltd","HIV 1/2, Determine Complete HIV Kit, 100 Tests","HIV 1/2, Determine Complete HIV Kit",Determine,Unknown,Test kit,100,2730,218400.0,80.0,0.8,Inverness Japan,Yes,1053.0,27236.25,360.36
14571,133-NG-T30,FPQ-10349,SCMS-155321,ASN-17168,Nigeria,PMO - US,Direct Drop,EXW,Air,2012-07-17,2012-08-13,2012-11-28,2012-11-27,2012-11-27,HRDT,HIV test,"Orgenics, Ltd","HIV 1/2, Determine Complete HIV Kit, 100 Tests","HIV 1/2, Determine Complete HIV Kit",Determine,Unknown,Test kit,100,2744,244216.0,89.0,0.89,"Alere Medical Co., Ltd.",Yes,1303.0,28734.43,342.39
14578,106-HT-T30,FPQ-11442,SCMS-177180,ASN-18919,Haiti,PMO - US,Direct Drop,EXW,Ocean,2013-01-30,2013-03-11,2013-08-07,2013-08-07,2013-08-07,ARV,Pediatric,Aurobindo Pharma Limited,"Efavirenz 200mg, capsule, 90 Caps",Efavirenz,Generic,200mg,Capsule,90,3680,20240.0,5.5,0.06,"Aurobindo Unit III, India",Yes,6385.0,8768.76,25.04
14605,106-HT-T30,FPQ-11442,SCMS-177160,ASN-18905,Haiti,PMO - US,Direct Drop,EXW,Ocean,2013-01-30,2013-03-07,2013-08-07,2013-08-07,2013-08-07,ARV,Adult,HETERO LABS LIMITED,"Efavirenz 600mg, tablets, 30 Tabs",Efavirenz,Generic,600mg,Tablet,30,71376,231258.24,3.24,0.11,"Hetero, Jadcherla, unit 5, IN",Yes,5864.0,7558.01,286.07
14658,110-ZM-T30,FPQ-14790,SCMS-253020,ASN-31638,Zambia,PMO - US,Direct Drop,FCA,Air,2014-08-13,2014-08-20,2015-04-25,2015-04-25,2015-04-30,ARV,Pediatric,ABBVIE LOGISTICS (FORMERLY ABBOTT LOGISTICS BV),"Lopinavir/Ritonavir 80/20mg/ml [Kaletra], oral solution, cool, Bottle 5 x 60 ml",Lopinavir/Ritonavir,Kaletra,80/20mg/ml,Oral solution,300,2265,69807.3,30.82,0.1,ABBVIE (Abbott) Logis. UK,Yes,2272.0,14603.71,71.76
14665,106-HT-T30,FPQ-5725,SCMS-74750,ASN-7454,Haiti,PMO - US,Direct Drop,EXW,Air,2010-05-26,2010-06-02,2010-09-13,2010-09-13,2010-09-13,HRDT,HIV test,"Orgenics, Ltd","HIV 1/2, Determine HIV Kit, without Lancets, 100 Tests","HIV 1/2, Determine HIV Kit, without Lancets",Determine,Unknown,Test kit,100,1000,97680.0,97.68,0.98,Inverness Japan,Yes,227.0,2486.62,210.6
14694,104-CI-T30,FPQ-6024,SCMS-80900,ASN-8019,Côte d'Ivoire,PMO - US,Direct Drop,CIP,Air,2010-07-19,2010-08-02,2010-09-08,2010-09-08,2010-09-08,ARV,Pediatric,BRISTOL-MYERS SQUIBB,"Didanosine 50mg [Videx], chewable tablets, 60 Tabs",Didanosine,Videx,50mg,Chewable/dispersible tablet,60,6000,57000.0,9.5,0.16,"BMS Meymac, France",Yes,1278.0,1742.12,122.89
14710,106-HT-T30,FPQ-13797,SCMS-233990,ASN-27716,Haiti,PMO - US,Direct Drop,EXW,Air,2014-03-20,2014-04-28,2014-09-12,2014-09-12,2014-09-17,ARV,Adult,MICRO LABS LIMITED,"Efavirenz 600mg, tablets, 30 Tabs",Efavirenz,Generic,600mg,Tablet,30,29908,89125.84,2.98,0.1,"Micro labs, Verna, Goa, India",Yes,2423.0,14650.41,91.62
14743,161-ZA-T30,FPQ-6262,SCMS-83730,ASN-9481,South Africa,PMO - US,Direct Drop,DDP,Ocean,2010-08-31,2010-09-24,2011-03-04,2011-03-04,2011-03-04,ARV,Adult,Aurobindo Pharma Limited,"Zidovudine 300mg, tablets, 60 Tabs",Zidovudine,Generic,300mg,Tablet,60,87500,641375.0,7.33,0.12,"Aurobindo Unit III, India",Yes,4416.0,7334.83,1382.8
14785,104-CI-T30,FPQ-12133,SCMS-188290,ASN-20951,Côte d'Ivoire,PMO - US,Direct Drop,EXW,Air,2013-04-18,2013-05-21,2013-08-08,2013-08-08,2013-08-08,HRDT,HIV test,"Orgenics, Ltd","HIV 1/2, Determine Complete HIV Kit, 100 Tests","HIV 1/2, Determine Complete HIV Kit",Determine,Unknown,Test kit,100,3200,256000.0,80.0,0.8,"Alere Medical Co., Ltd.",Yes,1394.0,20822.73,316.67
14811,107-RW-T30,FPQ-13874,SCMS-232310,ASN-25543,Rwanda,PMO - US,Direct Drop,EXW,Air,2014-03-12,2014-04-03,2014-04-28,2014-04-28,2014-04-28,HRDT,HIV test,"SHANGHAI KEHUA BIOENGINEERING CO.,LTD.  (KHB)","HIV 1/2, SKB Colloidal Gold, Diagnostic Kit, Antibody, 50 Tests","HIV 1/2, Colloidal Gold, Diagnostic Kit, Antibody",Colloidal Gold,Unknown,Test kit,1,4068,99666.0,24.5,24.5,"KHB Test Kit Facility, Shanghai China",Yes,2712.0,37680.04,102.46
14820,110-PK-T30,FPQ-9019,SCMS-132510,ASN-13949,Pakistan,PMO - US,Direct Drop,EXW,Air,2011-12-27,2012-01-17,2012-06-29,2012-06-29,2012-06-29,HRDT,HIV test,"Orgenics, Ltd","HIV 1/2, Determine Complete HIV Kit, 100 Tests","HIV 1/2, Determine Complete HIV Kit",Determine,Unknown,Test kit,100,2132,170560.0,80.0,0.8,"Alere Medical Co., Ltd.",Yes,1017.0,14959.84,239.13
14846,101-CD-T30,FPQ-11103,SCMS-170640,ASN-18068,"Congo, DRC",PMO - US,Direct Drop,FCA,Air,2012-12-07,2013-01-03,2013-04-16,2013-04-16,2013-04-16,ARV,Pediatric,ABBVIE LOGISTICS (FORMERLY ABBOTT LOGISTICS BV),"Lopinavir/Ritonavir 80/20mg/ml [Kaletra], oral solution, cool, Bottle 5 x 60 ml",Lopinavir/Ritonavir,Kaletra,80/20mg/ml,Oral solution,300,60,1849.2,30.82,0.1,ABBVIE (Abbott) Logis. UK,Yes,113.0,2570.86,2.29
14871,108-VN-T30,FPQ-10811,SCMS-164560,ASN-18406,Vietnam,PMO - US,Direct Drop,EXW,Air,2012-10-15,2012-11-07,2013-03-13,2013-03-13,2013-03-13,ARV,Pediatric,MYLAN LABORATORIES LTD (FORMERLY MATRIX LABORATORIES),"Lamivudine/Zidovudine 30/60mg, tablets, 60 Tabs",Lamivudine/Zidovudine,Generic,30/60mg,Tablet - FDC,60,1769,3714.9,2.1,0.04,Mylan (formerly Matrix) Nashik,Yes,1961.0,7308.37,4.6
14931,107-RW-T30,FPQ-14813,SCMS-268601,ASN-31659,Rwanda,PMO - US,Direct Drop,FCA,Air,2014-10-09,2014-12-12,2015-05-12,2015-05-12,2015-05-12,ARV,Pediatric,SWORDS LABORATORIES,"Atazanavir 200mg [Reyataz], capsules, 60 Caps",Atazanavir,Reyataz,200mg,Capsule,60,1080,43869.6,40.62,0.68,Bristol-Myers Squibb Anagni IT,Yes,282.0,1028.1,45.1
14941,109-TZ-T30,FPQ-6203,SCMS-82750,ASN-8080,Tanzania,PMO - US,Direct Drop,EXW,Air,2010-08-18,2010-08-25,2010-10-22,2010-10-22,2010-10-22,ARV,Adult,MYLAN LABORATORIES LTD (FORMERLY MATRIX LABORATORIES),"Efavirenz/Emtricitabine/Tenofovir Disoproxil Fumarate 600/200/300mg, tablets, 30 Tabs",Efavirenz/Emtricitabine/Tenofovir Disoproxil Fumarate,Generic,600/200/300mg,Tablet - FDC,30,9000,179100.0,19.9,0.66,Mylan (formerly Matrix) Nashik,Yes,1081.0,5834.1,386.14
14943,114-UG-T30,FPQ-4373,SCMS-58220,ASN-6150,Uganda,PMO - US,Direct Drop,CIP,Air,2009-11-25,2009-12-02,2010-03-04,2010-03-04,2010-03-04,ARV,Adult,MERCK SHARP & DOHME IDEA GMBH (FORMALLY MERCK SHARP & DOHME B.V.),"Indinavir 400mg [Crixivan], capsules, 180 Caps",Indinavir,Crixivan,400mg,Capsule,180,75,3750.0,50.0,0.28,"MSD, Haarlem, NL",Yes,19.0,435.0,7.35
14988,102-SS-T30,FPQ-9038,SCMS-137200,ASN-14984,South Sudan,PMO - US,Direct Drop,EXW,Air,2012-01-17,2012-04-05,2012-06-15,2012-06-15,2012-06-15,HRDT,HIV test,"Orgenics, Ltd","HIV 1/2, Determine Complete HIV Kit, 100 Tests","HIV 1/2, Determine Complete HIV Kit",Determine,Unknown,Test kit,100,337,29993.0,89.0,0.89,"Alere Medical Co., Ltd.",Yes,181.0,4978.09,42.05
15005,133-NG-T30,FPQ-9599,SCMS-144190,ASN-16132,Nigeria,PMO - US,Direct Drop,EXW,Air,2012-03-27,2012-05-03,2012-09-18,2012-09-18,2012-09-18,HRDT,HIV test,"Trinity Biotech, Plc","HIV 1/2, Uni-Gold HIV Kit, 20 Tests","HIV 1/2, Uni-Gold HIV Kit",Uni-Gold,Unknown,Test kit,20,8018,256576.0,32.0,1.6,"Trinity Biotech, Plc",Yes,2607.0,28595.45,359.72
15012,116-ZA-T30,FPQ-7176,SCMS-104370,ASN-11046,South Africa,PMO - US,Direct Drop,DDP,Ocean,2011-03-10,2011-04-01,2011-08-15,2011-08-15,2011-08-15,ARV,Adult,Aurobindo Pharma Limited,"Zidovudine 300mg, tablets, 60 Tabs",Zidovudine,Generic,300mg,Tablet,60,2452,17899.6,7.3,0.12,"Aurobindo Unit III, India",Yes,127.0,47101.63,29.53
15051,105-GY-T30,FPQ-10249,SCMS-153840,ASN-16410,Guyana,PMO - US,Direct Drop,EXW,Air,2012-07-05,2012-07-26,2012-09-25,2012-09-25,2012-09-25,HRDT,HIV test,"Trinity Biotech, Plc","HIV 1/2, Uni-Gold HIV Kit, 20 Tests","HIV 1/2, Uni-Gold HIV Kit",Uni-Gold,Unknown,Test kit,20,2769,88608.0,32.0,1.6,"Trinity Biotech, Plc",Yes,876.0,8969.97,124.23
15115,101-CD-T30,FPQ-14100,SCMS-239410,ASN-26738,"Congo, DRC",PMO - US,Direct Drop,EXW,Air,2014-04-23,2014-05-20,2014-09-05,2014-09-05,2014-09-16,HRDT,HIV test,"Trinity Biotech, Plc","HIV 1/2, Uni-Gold HIV Kit, 20 Tests","HIV 1/2, Uni-Gold HIV Kit",Uni-Gold,Unknown,Test kit,20,34,1088.0,32.0,1.6,"Trinity Biotech, Plc",Yes,112.0,3196.31,1.12
15131,110-ZM-T30,FPQ-12251,SCMS-189230,ASN-20474,Zambia,PMO - US,Direct Drop,EXW,Air,2013-05-02,2013-05-22,2013-09-11,2013-09-11,2013-09-11,HRDT,HIV test,"Orgenics, Ltd","HIV 1/2, Determine Complete HIV Kit, 100 Tests","HIV 1/2, Determine Complete HIV Kit",Determine,Unknown,Test kit,100,6000,480000.0,80.0,0.8,"Alere Medical Co., Ltd.",Yes,2606.0,38354.26,593.76
15142,161-ZA-T30,FPQ-5303,SCMS-68940,ASN-7597,South Africa,PMO - US,Direct Drop,DDP,Air,2010-03-18,2010-03-19,2010-09-07,2010-09-07,2010-09-07,ARV,Adult,Aurobindo Pharma Limited,"Efavirenz 600mg, tablets, 30 Tabs",Efavirenz,Generic,600mg,Tablet,30,11510,53751.7,4.67,0.16,"Aurobindo Unit III, India",Yes,993.0,4263.07,115.89
15149,108-VN-T30,FPQ-6818,SCMS-97850,ASN-11024,Vietnam,PMO - US,Direct Drop,EXW,Air,2011-01-17,2011-02-15,2011-06-22,2011-06-22,2011-06-22,ARV,Adult,MYLAN LABORATORIES LTD (FORMERLY MATRIX LABORATORIES),"Lamivudine 150mg, tablets, 60 Tabs",Lamivudine,Generic,150mg,Tablet,60,20000,40000.0,2.0,0.03,Mylan (formerly Matrix) Nashik,Yes,2806.0,18207.5,66.0
15195,105-GY-T30,FPQ-6329,SCMS-87910,ASN-9578,Guyana,PMO - US,Direct Drop,DDU,Air,2010-09-28,2010-10-01,2011-03-04,2011-03-04,2011-03-04,ARV,Pediatric,IDIS LIMITED,"Didanosine 25mg [Videx], chewable tablets, 60 Tabs",Didanosine,Videx,25mg,Chewable/dispersible tablet,60,270,12501.0,46.3,0.77,"BMS Meymac, France",Yes,59.0,180.0,26.95
15240,106-HT-T30,FPQ-14083,SCMS-240220,ASN-26559,Haiti,PMO - US,Direct Drop,EXW,Air,2014-05-11,2014-06-02,2014-07-18,2014-07-18,2014-07-31,ARV,Pediatric,Aurobindo Pharma Limited,"Abacavir 20mg/ml, oral solution, Bottle, 240 ml",Abacavir,Generic,20mg/ml,Oral solution,240,375,2561.25,6.83,0.03,"Aurobindo Unit III, India",Yes,300.0,2949.23,2.63
15248,108-VN-T30,FPQ-4265,SCMS-57140,ASN-6265,Vietnam,PMO - US,Direct Drop,EXW,Air,2009-10-20,2009-11-13,2010-03-15,2010-03-15,2010-03-15,ARV,Adult,Aurobindo Pharma Limited,"Lamivudine/Nevirapine/Zidovudine 150/200/300mg, tablets, 60 Tabs",Lamivudine/Nevirapine/Zidovudine,Generic,150/300/200mg,Tablet - FDC,60,16300,181745.0,11.15,0.19,"Aurobindo Unit III, India",Yes,2011.0,11648.31,356.22
15283,133-NG-T30,FPQ-7314,SCMS-104310,ASN-11148,Nigeria,PMO - US,Direct Drop,EXW,Air,2011-03-11,2011-03-31,2011-07-19,2011-07-19,2011-07-19,HRDT,HIV test,"Trinity Biotech, Plc","HIV 1/2, Uni-Gold HIV Kit, 20 Tests","HIV 1/2, Uni-Gold HIV Kit",Uni-Gold,Unknown,Test kit,20,3662,117184.0,32.0,1.6,"Trinity Biotech, Plc",Yes,1255.0,15794.47,193.35
15352,108-VN-T30,FPQ-10811,SCMS-166120,ASN-17672,Vietnam,PMO - US,Direct Drop,EXW,Air,2012-10-15,2012-11-09,2013-01-29,2013-01-29,2013-01-29,ARV,Pediatric,Aurobindo Pharma Limited,"Lamivudine 10mg/ml, oral solution w/syringe, Bottle, 240 ml",Lamivudine,Generic,10mg/ml,Oral solution,240,464,858.4,1.85,0.01,"Aurobindo Unit III, India",Yes,437.0,1222.31,1.06
15356,102-SD-T30,FPQ-8261,SCMS-120472,ASN-13347,Sudan,PMO - US,Direct Drop,EXW,Air,2011-08-29,2011-09-07,2012-02-08,2012-02-08,2012-02-08,HRDT,HIV test,"Trinity Biotech, Plc","HIV 1/2, Uni-Gold HIV Kit, 20 Tests","HIV 1/2, Uni-Gold HIV Kit",Uni-Gold,Unknown,Test kit,20,35,1120.0,32.0,1.6,"Trinity Biotech, Plc",Yes,12.0,646.81,1.85
15368,108-VN-T30,FPQ-4265,SCMS-57130,ASN-6266,Vietnam,PMO - US,Direct Drop,EXW,Air,2009-10-20,2009-11-13,2010-03-19,2010-03-19,2010-03-19,ARV,Adult,Aurobindo Pharma Limited,"Lamivudine 150mg, tablets, 60 Tabs",Lamivudine,Generic,150mg,Tablet,60,24480,58752.0,2.4,0.04,"Aurobindo Unit III, India",Yes,3536.0,20910.43,115.15
15382,102-ML-T30,FPQ-11783,SCMS-182800,ASN-19649,Mali,PMO - US,Direct Drop,EXW,Air,2013-03-15,2013-04-11,2013-06-11,2013-06-11,2013-06-11,HRDT,HIV test,"Orgenics, Ltd","HIV 1/2, Determine Complete HIV Kit, 100 Tests","HIV 1/2, Determine Complete HIV Kit",Determine,Unknown,Test kit,100,81,6480.0,80.0,0.8,"Alere Medical Co., Ltd.",Yes,37.0,2190.78,8.02
15399,151-NG-T30,FPQ-13102,SCMS-212700,ASN-22771,Nigeria,PMO - US,Direct Drop,EXW,Air,2013-10-17,2013-11-04,2013-12-17,2013-12-17,2013-12-20,ARV,Adult,MYLAN LABORATORIES LTD (FORMERLY MATRIX LABORATORIES),"Zidovudine 300mg, tablets, 60 Tabs",Zidovudine,Generic,300mg,Tablet,60,10000,65000.0,6.5,0.11,Mylan (formerly Matrix) Nashik,Yes,574.0,4760.43,66.82
15423,104-CI-T30,FPQ-12713,SCMS-201900,ASN-23392,Côte d'Ivoire,PMO - US,Direct Drop,EXW,Air,2013-07-23,2013-08-06,2014-01-23,2014-01-23,2014-01-27,HRDT,HIV test,"Orgenics, Ltd","HIV 1/2, Determine Complete HIV Kit, 100 Tests","HIV 1/2, Determine Complete HIV Kit",Determine,Unknown,Test kit,100,1400,112000.0,80.0,0.8,"Alere Medical Co., Ltd.",Yes,577.0,9275.59,138.54
15460,106-HT-T30,FPQ-15038,SCMS-262980,ASN-30463,Haiti,PMO - US,Direct Drop,EXW,Ocean,2014-10-22,2015-01-07,2015-04-09,2015-04-09,2015-04-13,ARV,Adult,HETERO LABS LIMITED,"Lamivudine/Tenofovir Disoproxil Fumarate 300/300mg, tablets, 30 Tabs",Lamivudine/Tenofovir Disoproxil Fumarate,Generic,300/300mg,Tablet - FDC,30,36831,170159.22,4.62,0.15,Hetero Unit III Hyderabad IN,Yes,17826.0,20526.23,174.92
15499,109-TZ-T30,FPQ-10994,SCMS-169330,ASN-18422,Tanzania,PMO - US,Direct Drop,EXW,Air,2012-11-13,2012-12-12,2013-04-30,2013-04-30,2013-04-30,HRDT,HIV test,"Trinity Biotech, Plc","HIV 1/2, Uni-Gold HIV Kit, 20 Tests","HIV 1/2, Uni-Gold HIV Kit",Uni-Gold,Unknown,Test kit,20,8460,270720.0,32.0,1.6,"Trinity Biotech, Plc",Yes,2753.0,25485.81,334.88
15554,161-ZA-T30,FPQ-5648,SCMS-75480,ASN-8755,South Africa,PMO - US,Direct Drop,DDP,Air,2010-06-02,2010-06-17,2010-12-13,2010-12-11,2010-12-11,ARV,Pediatric,Aurobindo Pharma Limited,"Nevirapine 10mg/ml, oral suspension w/syringe, Bottle, 240 ml",Nevirapine,Generic,10mg/ml,Oral suspension,240,2162,6810.3,3.15,0.01,"Aurobindo Unit III, India",Yes,838.0,4876.31,14.68
15596,113-ZW-T30,FPQ-7521,SCMS-108020,ASN-13965,Zimbabwe,PMO - US,Direct Drop,EXW,Air,2011-04-07,2011-05-05,2012-03-20,2012-03-20,2012-03-20,HRDT,HIV test,"Orgenics, Ltd","HIV 1/2, Determine Complete HIV Kit, 100 Tests","HIV 1/2, Determine Complete HIV Kit",Determine,Unknown,Test kit,100,2342,187360.0,80.0,0.8,Inverness Japan,Yes,1113.0,20082.38,309.14
15625,111-MZ-T30,FPQ-14294,SCMS-247360,ASN-27766,Mozambique,PMO - US,Direct Drop,EXW,Air,2014-05-15,2014-07-30,2014-09-10,2014-09-10,2014-10-01,HRDT,HIV test,"Orgenics, Ltd","HIV 1/2, Determine Complete HIV Kit, 100 Tests","HIV 1/2, Determine Complete HIV Kit",Determine,Unknown,Test kit,100,4708,376640.0,80.0,0.8,"Alere Medical Co., Ltd.",Yes,1914.0,13489.96,387.19
15643,133-NG-T30,FPQ-8117,SCMS-118170,ASN-12941,Nigeria,PMO - US,Direct Drop,EXW,Air,2011-07-28,2011-08-12,2011-12-13,2011-12-13,2011-12-13,HRDT,HIV test,"Trinity Biotech, Plc","HIV 1/2, Uni-Gold HIV Kit, 20 Tests","HIV 1/2, Uni-Gold HIV Kit",Uni-Gold,Unknown,Test kit,20,2000,64000.0,32.0,1.6,"Trinity Biotech, Plc",Yes,793.0,7938.18,105.6
15670,901-CM-T30,FPQ-12837,SCMS-204300,ASN-21701,Cameroon,PMO - US,Direct Drop,EXW,Air,2013-08-19,2013-08-23,2013-10-18,2013-10-26,2013-10-29,ARV,Adult,Aurobindo Pharma Limited,"Nevirapine 200mg, tablets, 60 Tabs",Nevirapine,Generic,200mg,Tablet,60,34595,77838.75,2.25,0.04,"Aurobindo Unit III, India",Yes,3642.0,31434.31,96.29
15687,161-ZA-T30,FPQ-5303,SCMS-68980,ASN-7526,South Africa,PMO - US,Direct Drop,DDP,Air,2010-03-18,2010-03-19,2010-08-24,2010-08-24,2010-08-24,ARV,Pediatric,Aurobindo Pharma Limited,"Lamivudine 10mg/ml, oral solution w/syringe, Bottle, 240 ml",Lamivudine,Generic,10mg/ml,Oral solution,240,8474,25422.0,3.0,0.01,"Aurobindo Unit III, India",Yes,3206.0,2154.51,54.81
15695,117-ET-T30,FPQ-4752,SCMS-61200,ASN-6004,Ethiopia,PMO - US,Direct Drop,EXW,Air,2009-12-23,2009-12-29,2010-02-09,2010-02-09,2010-02-09,ARV,Adult,STRIDES ARCOLAB LIMITED,"Lamivudine/Stavudine 150/30mg, tablets, 60 Tabs",Lamivudine/Stavudine,Generic,150/30mg,Tablet - FDC,60,71596,241278.52,3.37,0.06,"Strides, Bangalore, India.",Yes,3652.0,15236.52,520.2
15726,107-RW-T30,FPQ-9168,SCMS-137552,ASN-15729,Rwanda,PMO - US,Direct Drop,EXW,Air,2012-01-13,2012-05-31,2012-08-07,2012-08-07,2012-08-07,ARV,Adult,MYLAN LABORATORIES LTD (FORMERLY MATRIX LABORATORIES),"Abacavir 300mg, tablets, 60 Tabs",Abacavir,Generic,300mg,Tablet,60,46530,581159.7,12.49,0.21,Mylan (formerly Matrix) Nashik,Yes,4810.0,27894.81,814.79
15727,123-NG-T30,FPQ-7743,SCMS-111240,ASN-12090,Nigeria,PMO - US,Direct Drop,EXW,Air,2011-05-23,2011-06-15,2011-09-23,2011-09-23,2011-09-23,ACT,ACT,NOVARTIS PHARMA SERVICES AG,"Artemether/Lumefantrine 20/120mg [Coartem], scored tablets, Blister 30 x 24 Tabs",Artemether/Lumefantrine,Coartem,20/120mg,Tablet - FDC + blister,720,1000,39000.0,39.0,0.05,"Novartis Pharma Suffern, USA",Yes,711.0,5433.21,64.35
15738,108-VN-T30,FPQ-15823,SCMS-277340,ASN-32255,Vietnam,PMO - US,Direct Drop,FCA,Air,2015-02-13,2015-03-04,2015-07-15,2015-07-15,2015-07-15,ARV,Adult,ABBVIE LOGISTICS (FORMERLY ABBOTT LOGISTICS BV),"Ritonavir 100mg [Norvir], film coated tablets, 30 Tabs",Ritonavir,Norvir,100mg,Tablet,30,400,9304.0,23.26,0.78,ABBVIE Ludwigshafen Germany,Yes,40.0,642.45,10.95
15772,108-VN-T30,FPQ-8428,SCMS-123520,ASN-13475,Vietnam,PMO - US,Direct Drop,EXW,Air,2011-09-21,2011-10-04,2012-03-01,2012-03-01,2012-03-01,ARV,Adult,Aurobindo Pharma Limited,"Lamivudine/Nevirapine/Zidovudine 150/200/300mg, tablets, 60 Tabs",Lamivudine/Nevirapine/Zidovudine,Generic,150/300/200mg,Tablet - FDC,60,30000,313500.0,10.45,0.17,"Aurobindo Unit III, India",Yes,10210.0,17392.05,517.28
15778,109-TZ-T30,FPQ-10809,SCMS-162861,ASN-18311,Tanzania,PMO - US,Direct Drop,EXW,Air,2012-10-11,2012-10-18,2013-04-10,2013-04-10,2013-04-10,HRDT,HIV test,"Orgenics, Ltd","HIV 1/2, Determine Complete HIV Kit, 100 Tests","HIV 1/2, Determine Complete HIV Kit",Determine,Unknown,Test kit,100,218,17440.0,80.0,0.8,"Alere Medical Co., Ltd.",Yes,91.0,2082.39,21.57
